Label,Threshold
Atelectasis,0.4876616895198822
Cardiomegaly,0.45669782161712646
Consolidation,0.3885650038719177
Edema,0.44825756549835205
Enlarged Cardiomediastinum,0.32671070098876953
Fracture,0.1356460452079773
Lung Lesion,0.4163796007633209
Lung Opacity,0.4993222653865814
No Finding,0.36876165866851807
Pleural Effusion,0.5034400820732117
Pleural Other,0.21126672625541687
Pneumonia,0.30794256925582886
Pneumothorax,0.42507997155189514
Support Devices,0.4422680735588074
